Robot ID,Travel Distance,Shortest Distance,Travel Time,Shortest Time,Success
robot0,628.1874335603326,437.21359549995793,129.09999999999695,129.09999999999695,0.0
robot1,494.23672807623956,390.0,118.49999999999754,118.49999999999754,0.0
robot2,504.9514918373321,437.21359549995793,103.99999999999837,103.99999999999837,0.0
robot3,234.31540084356183,437.21359549995793,1176.2000000000257,1176.2000000000257,0.0
robot4,547.9123990603199,390.0,162.89999999999503,162.89999999999503,0.0
robot5,498.44232783592065,437.21359549995793,102.89999999999843,102.89999999999843,0.0
Average,484.6742968689511,421.4757303333053,298.9333333333354,298.9333333333354,0.0
