Robot ID,Travel Distance,Shortest Distance,Travel Time,Shortest Time,Success
robot0,200.65924909627807,190.0,42.40000000000033,42.40000000000033,1.0
robot1,205.15871360294656,190.0,48.50000000000042,48.50000000000042,1.0
robot2,233.20224205394635,190.0,53.60000000000049,53.60000000000049,1.0
robot3,201.99142442883536,190.0,42.500000000000334,42.500000000000334,1.0
robot4,231.9660410290897,190.0,53.200000000000486,53.200000000000486,1.0
robot5,206.19598038350256,190.0,46.000000000000384,46.000000000000384,1.0
Average,213.1956084324331,190.0,47.700000000000415,47.700000000000415,1.0
